{"dimensions": [12, 8], "output_layer": [[[0.7873920333752855, 0.5118188982377128, 0.2992885649541184, 0.06959460909279098, 0.1537470209688415], [0.7858894162165729, 0.5396363552771151, 0.24877932886725151, 0.03583657563418561, 0.16731710885973605], [0.7728109045072216, 0.5707834083414511, 0.22757272605714696, 0.04181682039669675, 0.15307388583189246], [0.7745016546258371, 0.3673200925757399, 0.44903858028531163, 0.25006110932665715, 0.032510484303741205], [0.7143427400954461, 0.2959512712446691, 0.5865477281823119, 0.2161730952955925, 0.10657509163067022], [0.7104349223461838, 0.3157950288832091, 0.5909788879601745, 0.18622533053368318, 0.1077951812308919], [0.71801008728395, 0.3399878221048014, 0.5662718531653721, 0.19098253936411785, 0.10831275709544504], [0.7272231814757064, 0.3801917248078223, 0.5308908749021728, 0.17113597728514238, 0.12437062730512163]], [[0.7912706044391973, 0.5105547612059855, 0.2896149515697004, 0.07292859337298864, 0.1550137621511198], [0.8020807163560153, 0.5369816164325681, 0.2057014552523405, 0.032001848253314986, 0.15805081802613], [0.7947257147898161, 0.5358351760584337, 0.23596897235879047, 0.03549854732098012, 0.15604550481279353], [0.7791453697155046, 0.4071261991840066, 0.4260562059172789, 0.1383299931612976, 0.16285476099961818], [0.7152060326178139, 0.2700090775379326, 0.6103761062184895, 0.18710535027874298, 0.08948757348830728], [0.7291374344726743, 0.32883898393677163, 0.5617594844110813, 0.19951366410464116, 0.06959959629031337], [0.707779783560033, 0.35691103711343397, 0.5610472937933894, 0.2089198366286776, 0.11506835168927543], [0.7478577284697505, 0.39684967818543754, 0.4877113950610215, 0.16749230126808848, 0.1315411533921285]], [[0.8243769928175398, 0.48328833637058527, 0.2426730450591954, 0.06209046792812201, 0.15520800441802787], [0.8172750648627879, 0.5066555265707461, 0.21020602200879707, 0.12299337997428432, 0.126679526927536], [0.8082593385009273, 0.5074623253453497, 0.2489916812055975, 0.028002259868388227, 0.16253567674146896], [0.8876165287570155, -0.10596213568124226, 0.011092753887870439, 0.417211879033845, 0.16346290858616144], [0.720829045359095, 0.3548076982692962, 0.5325655552827698, 0.015123551022893528, 0.26582361096477686], [0.6436757971209353, 0.3891872477941595, 0.5993794034543526, 0.24238605486764017, 0.12731097939903596], [0.6781192656774474, 0.36033043005681037, 0.582444740032375, 0.24671031944604016, 0.10103655664958834], [0.7732064383659336, 0.3811158346153947, 0.44726054339980803, 0.1756837790761877, 0.16123194584850883]], [[0.9741584521973163, -0.03505604385237998, 0.12376657005998314, 0.0642349198731395, -0.1741898246351581], [0.4054083199482871, 0.7912969625297375, -0.08597607949176149, 0.341445325517791, 0.29243189744826803], [0.32026051452275633, 0.8004007176244042, -0.09202978284483818, 0.3752237940289671, 0.32791693693372587], [0.3686577509792599, -0.2436017247659674, -0.053384665378165184, 0.6261242291965826, -0.6402094887217828], [0.03340751928116885, -0.008668738721284387, -0.09362611103666023, -0.7258384744421795, -0.6805890470585468], [-0.5570222362135048, -0.06440299629197148, -0.5418879994898, 0.08586917062418353, 0.6201309248679509], [0.5765646872110826, 0.6596336881470904, 0.3510459561372629, -0.07574810277361295, -0.321691654427849], [0.5214887671938246, -0.0518967268160472, -0.1135111435514402, -0.10391944624155854, 0.8376587398331959]], [[-0.6397052876676308, 0.006313876502299366, -0.012179213717980733, 0.16750469770067866, -0.750020748309674], [-0.1483711643137022, -0.33899100708667934, -0.22909295430213472, 0.4763183221676268, 0.7640080948334855], [-0.3765997972014694, -0.1475976617565436, 0.7725817477095455, 0.39404798816257536, 0.29022603109112033], [0.15713200869988747, -0.21772832904326794, 0.6052589956440753, -0.5173902662297584, -0.5421003294378173], [0.004643922724022745, 0.8798417291537808, -0.336234777227021, 0.19931650995736055, 0.2703258571852332], [0.5092540347867279, 0.20281107384838587, 0.07333945137826782, -0.5393322669789267, -0.6350354533762734], [0.7147727215195409, 0.2043839311406011, -0.6277811779041593, 0.22476353970220955, 0.05195487612209585], [0.21720870462057612, 0.5191729674233748, -0.7355150695404469, 0.23341960001448117, -0.2963320457558546]], [[0.5017424577849974, -0.5399841060125923, 0.604074861749966, 0.29720604654496896, 0.058598622923416104], [0.3191631183785955, 0.6680251531239468, 0.32187819554640607, -0.29669867819073314, 0.5101388244901963], [-0.1657236655511153, 0.6422975206236348, -0.02673345038187412, 0.5435944025446438, 0.5135951808865085], [-0.19201069223062586, 0.2064861116100739, 0.6832004584386574, 0.38382915811185286, 0.55354104703592], [0.2618103838636007, -0.6413612375496117, 0.37604826593562446, 0.07849125658497214, 0.6103588372396572], [-0.23750136436124658, -0.0010081204531125507, 0.27598053220063146, -0.6094525646142861, 0.7042687008173968], [0.009307449047956847, 0.4917440226529667, -0.2230081808967722, 0.5801893693859878, -0.6097120914676865], [0.7498218884060679, 0.032975015118286245, -0.5240108659156775, 0.39410547540044705, -0.08229988278725907]], [[0.1918456792116982, 0.6062805756513248, -0.09597400362364979, 0.6269683190412287, -0.43968035719459225], [0.15632651489226143, 0.7482528223844068, -0.5265551470379992, -0.34568235959112004, -0.13756132425473225], [0.15777850869363585, 0.31548968341293143, 0.6365430212605699, -0.2662126766124935, -0.6320727764662056], [0.02848908428161208, -0.09166535082119294, -0.25367733087234745, 0.607007073593189, -0.7469779514449788], [-0.35990570517647985, -0.2734787639186756, -0.6109626673757451, -0.4644959879501804, -0.4545826056045638], [-0.45938749477402, 0.1708483964933368, 0.574298581724944, 0.4707022408283689, 0.45650245844767934], [0.19645656481326934, 0.6816808118993498, -0.08973259780446824, 0.6990037772268967, 0.007607177124633274], [-0.667882918671565, 0.4734493020736337, -0.017077901737367857, 0.4750271566226355, 0.32223549006278557]], [[0.20400184498671445, -0.40670503552529463, 0.7486229145527482, 0.45676952798224346, -0.15459492693427104], [0.5997731853775234, -0.46156908205891567, 0.28351779251143333, -0.5361739755789058, -0.24364161760820693], [0.3552976480782481, -0.4356255664066247, -0.5692107211461617, 0.5479047137233549, 0.24452714936171718], [0.3337520185629344, 0.3902299963245523, 0.23606571295292605, -0.5577234047977633, 0.6079043699320836], [0.34530112843747374, 0.5948787161387606, -0.43511787146542746, 0.49005806765241466, 0.31209289009056956], [-0.311337668533336, 0.5068745160041375, 0.42688556429515073, 0.5024626723522545, 0.4598337298055022], [0.18293829583874618, 0.690311465092426, -0.15103702303069902, -0.6795816376342542, 0.07321390948401081], [-0.19566042091649216, -0.49898364821613117, 0.7487689361966579, -0.3899316628513059, 0.005540486679197631]], [[0.70974393039819, 0.0063299266116067275, 0.4214718931370957, 0.12259287255934642, -0.5509590875782897], [0.0843212178520385, 0.566073420852481, -0.3945154013051304, 0.6862211879737378, -0.2142636080469173], [-0.255295065466838, 0.4593549703793008, 0.5436556492217557, -0.5706933064224112, 0.3202579051484002], [0.23324869753057997, 0.394840370598788, -0.29981939995475165, 0.54677519092029, -0.6331203241490141], [-0.14574078331510848, -0.14384886729023857, 0.22168222326853415, -0.6443919287997941, 0.7026259043348848], [-0.0976946755845866, -0.21603559461203398, 0.772720689212219, 0.5231743646346461, -0.2701401356251504], [-0.18670257869172704, -0.002889203975930091, 0.5376955846864422, -0.2558814654227235, -0.781371827923217], [-0.1844391659045448, -0.0796958240130519, 0.16860257080388422, -0.6416948618799434, 0.720716065500498]], [[0.7568962506585669, 0.36944299887742754, 0.5101711548005067, 0.14990510168163027, 0.08873437675892401], [0.744945039629331, 0.49111636707695216, 0.42423666094123447, 0.13603319286765655, 0.07334730991968319], [0.7391122057498245, 0.5236700714516048, 0.12236019591707385, 0.10766590619752579, 0.39104838405918624], [0.8032283472504342, 0.41484010291451434, 