{"dimensions": [12, 8], "output_layer": [[[0.7301445682263378, 0.2871084119349228, 0.27859008198226953, 0.4108511374983196, 0.37154619944662426], [0.4265371192086755, 0.4749536352788048, 0.4715234282662925, 0.4306226809317215, 0.42978470602825225], [0.6938751811004693, 0.41942674119828594, 0.013898440675687072, 0.4226565112737398, 0.4047057556364534], [0.4346392831477401, 0.04304451412461165, 0.6812790773521182, 0.533794105850091, 0.24527236833883942], [0.4965713969778429, 0.567823429539424, 0.26452530944261127, 0.29061111482287694, 0.5258944201788563], [0.5839266493768757, 0.0439584654678206, 0.55521836800829, 0.25068807458387615, 0.5347760040884872], [0.42889276071602234, 0.46915903712629675, 0.4613716789466294, 0.5739086868145789, 0.23174509865981835], [0.05871538916120336, 0.05351670229342847, 0.3251576343525488, 0.3066922556433878, 0.8910111328159205]], [[0.4492809637339197, 0.36441476096631475, 0.5037385587437136, 0.4109840356011575, 0.4926338239828612], [0.03376182621861904, 0.6820326163248654, 0.4930063133260226, 0.4938143353429032, 0.2162956924905649], [0.6766200739103324, 0.11957042474781174, 0.304502978020623, 0.25313179632251154, 0.6091719126603874], [0.7537391452900407, 0.45086134671503747, 0.30372272389179095, 0.36556423843263197, 0.0521214108276284], [0.6641711663000601, 0.3278619321330557, 0.1930508132375342, 0.5936603609637203, 0.24835856063834255], [0.3848851055407766, 0.12398828643910093, 0.4915926792933431, 0.29757531182204455, 0.7115306963286728], [0.8058001538687917, 0.16605302986800577, 0.47180896374928305, 0.05654164277991883, 0.3119484695494796], [0.3297255196222005, 0.38074866505469734, 0.6286630042401838, 0.23167932561573232, 0.5453613966452723]], [[0.4869734561268974, 0.33089879721430054, 0.15287270736564484, 0.11179028594403499, 0.7858089502806664], [0.4622661715173645, 0.010827482039218435, 0.5704917341017894, 0.4810024010751575, 0.47892444475599216], [0.26550476710999504, 0.8980821594578489, 0.06729756491202891, 0.12928413974130232, 0.31892366245491544], [0.5520170633786052, 0.5677658601085324, 0.05627828488263066, 0.43475364274556066, 0.42513658346961175], [0.172658172683324, 0.2945365254664681, 0.7072017182213219, 0.6149681361405772, 0.07153538878338743], [0.5732013190634659, 0.22901499672356618, 0.6547376415807792, 0.2323280769774993, 0.3692352426905969], [0.26353073255978265, 0.6668433478766512, 0.5902186439781941, 9.522176597194282e-05, 0.3708280539852953], [0.35328098882680514, 0.34454054584607907, 0.752057824061094, 0.2945806545094455, 0.3226695251475106]], [[0.5654069380867853, 0.31016215678210796, 0.3128593990486148, 0.57662519809384, 0.3920928566217145], [0.49135732956905104, 0.5634168561904687, 0.05822688395389747, 0.39977431548930825, 0.5271807541055479], [0.3095833857333364, 0.1649919499366817, 0.8610088753907889, 0.17120368091574628, 0.3260196311162326], [0.4180598450952638, 0.293708512685385, 0.635154944469539, 0.5674217153445389, 0.11649922302925898], [0.03478158114680797, 0.28602543770626077, 0.6580949441197947, 0.479546588348317, 0.5039105126164009], [0.5655538508461152, 0.003596556425462441, 0.725652971974515, 0.09945946397773628, 0.3790402166852794], [0.7200273578471762, 0.20660474175525034, 0.228591422165412, 0.23217617771366236, 0.5768147612973589], [0.16268240683282628, 0.029951159613212784, 0.38368666873330265, 0.4900777337980092, 0.765013540806077]], [[0.48967304744528334, 0.19710865592154936, 0.33191860025418496, 0.2792330881838275, 0.7302242187404323], [0.6950177186853859, 0.5167284686618839, 0.31503748621348865, 0.14849428595325354, 0.3586682167508373], [0.5584345147125747, 0.1762319833574103, 0.5165841230607222, 0.6174610922210535, 0.09474082654491067], [0.6463311735346229, 0.44405265061271904, 0.203886361214328, 0.5639266571234929, 0.1596569281223921], [0.49659706061585596, 0.2869872851345189, 0.5177993765457577, 0.14742544950729594, 0.6173971169718939], [0.500898911732108, 0.20511402285990518, 0.45194217465125053, 0.6414292032264883, 0.30223395883247], [0.07424248307969311, 0.32494862848552036, 0.3463255999326138, 0.8345325722996177, 0.2692775652627587], [0.45971214962983326, 0.3735677919403167, 0.03073457727507446, 0.75510458478145, 0.2792566849858933]], [[0.36589562437490425, 0.5536278660596695, 0.48670485312347117, 0.5462648496107831, 0.15597973589952174], [0.5200062156483106, 0.7448079718871305, 0.08242217596879044, 0.11623657644552464, 0.39312881337456757], [0.07975087697695778, 0.653282050603255, 0.3526550126551032, 0.6388057460166076, 0.18553711457928615], [0.4774887513020966, 0.23007912923092202, 0.3350416918673407, 0.7115229030695217, 0.31709668839408434], [0.37370581925703755, 0.3228658714021169, 0.5760872170847355, 0.38109534033537723, 0.5281964119751343], [0.6838114391895795, 0.2941371785194943, 0.41350491950713153, 0.17573624292339268, 0.4939794432085591], [0.5217091423972123, 0.6138626609224954, 0.20901681585696974, 0.5513664483210914, 0.05743879019545656], [0.23210560798108504, 0.39227212980879356, 0.4950328435779986, 0.7313960131536992, 0.11068838530287899]], [[0.5201451057540181, 0.2180893939400253, 0.5372947375157646, 0.39388729580327286, 0.48790700799810655], [0.006602674840568721, 0.07808389688097131, 0.7441209588451922, 0.6414663813564272, 0.16930502039110962], [0.2559314922071978, 0.4750321119636897, 0.025687343683290464, 0.5014347787080479, 0.675830516458395], [0.53467765184651, 0.5441319111518842, 0.23999517044026333, 0.4336457544615493, 0.4152035039410468], [0.6947899383502218, 0.45505405145501826, 0.44516213274303, 0.3134325412923515, 0.11740302147885308], [0.6529960410862247, 0.5091094463396224, 0.536666809389753, 0.08051115859169483, 0.14110432670590373], [0.3193197322043428, 0.41097321089588223, 0.5637127581533512, 0.29472965868900214, 0.5696475077932678], [0.48145808713579175, 0.10226755219423123, 0.6813307860060555, 0.2816152787588365, 0.4628397702333905]], [[0.13532538139879322, 0.5459050018773108, 0.4073722117344132, 0.626423426705211, 0.35400048256480976], [0.3858029351675605, 0.7269346733531845, 0.3522958890534178, 0.2655978927500531, 0.35786511679093175], [0.7227237726259687, 0.1963450698312982, 0.2959921993537782, 0.1497233211311525, 0.5736641064816593], [0.505412353411589, 0.4316752321351755, 0.5781702495951169, 0.19284097692448834, 0.4321416053586262], [0.18828718537915642, 0.32152659173312237, 0.4570164707059914, 0.5825495860055696, 0.559410861512946], [0.7999633083423892, 0.19524257046634816, 0.44523308210519674, 0.09281829652820651, 0.33925110230079114], [0.005931420128286369, 0.5739872085158205, 0.6427796416574835, 0.44139415401902565, 0.25001807091485134], [0.08366806320408665, 0.03037112869724534, 0.5455206003663193, 0.6113337968153318, 0.5663528168806554]], [[0.5577145728233981, 0.13218216937818905, 0.4464640602383912, 0.4419671100859485, 0.5261342470098441], [0.5475553645424165, 0.24412783616825495, 0.5652102867054858, 0.5190070091929625, 0.2274945682417624], [0.03714427035254559, 0.31272429446338906, 0.45200197770674766, 0.6270681961596815, 0.5507299777082998], [0.40312515468522353, 0.442038716922, 0.14257881963351482, 0.7652407278200544, 0.19018357205424963], [0.28269580771147573, 0.739220967682329, 0.5074359315908641, 0.33526942715549024, 0.061144319331388204], [0.1996138645746641, 0.5196135815276789, 0.8201549035127969, 0.05320712512946621, 0.12112376744849812], [0.45987032131376077, 0.34490206242973154, 0.3829780790666386, 0.7105348150374219, 0.1342755468455074], [0.5080539744122986, 0.5513054526635894, 0.48007719562087636, 0.36099507424329014, 0.27776230767355475]], [[0.706700381159606, 0.6126597582751089, 0.2675887839712448, 0.21024853176326228, 0.09702777665872712], [0.5456813910015887, 0.37204679117484446, 0.620808390168115, 0.17366573059612328, 0.38503267576202044], [0.4582562240659036, 0.6012003391974592, 0.6246297738106099, 0.12623266331915448, 0.1498744328909364], [0.057633783913290514, 0.46239521265100536, 0.4588423115524513, 0.2438202801544898, 0.7161594922807746], [0.26425748355350104, 0.48749729871009234, 0.6239303256102704,