{"dimensions": [10, 10], "output_layer": [[[0.37654325170706865, 0.32343330767014355, 0.296976720522183, 0.5244558027199021, 0.6247855740529943], [0.8137958057143697, 0.16690607133874646, 0.5557611381827383, 0.006584075237329152, 0.031063760092128946], [0.29572831589538034, 0.42292837812684325, 0.2603028776860659, 0.3561410027254353, 0.7342222743820529], [0.3786857297393426, 0.14124750245531625, 0.639372721494428, 0.5256526677117201, 0.3892788936974076], [0.01013488193620511, 0.5037733233137779, 0.3488196002431749, 0.6216569260041139, 0.4878291460366409], [0.5071772571592253, 0.036367274414406486, 0.17756639917974584, 0.7259011759745589, 0.4277689887932549], [0.13045501460755185, 0.05933377875928574, 0.703477173559999, 0.6799010529379497, 0.14938345408976877], [0.3345456315514446, 0.1542279692141593, 0.3605487472367086, 0.783180686677419, 0.3477435359621338], [0.01845504606943948, 0.6833335302187789, 0.10671486756164551, 0.6339879108407361, 0.34552273977614784], [0.618477970335734, 0.08536241456278007, 0.4190947380570163, 0.6554107559920981, 0.07067248299154388]], [[0.5571060009619875, 0.3677507098930795, 0.6888819430944876, 0.0058976798486692125, 0.2824875305496581], [0.6006838792588703, 0.23719790358732173, 0.21655514433714845, 0.5821208727534437, 0.44402161062067735], [0.5768132691921286, 0.0017472533111699497, 0.3982852018850663, 0.39346961614766746, 0.5948394394437332], [0.6054437145956272, 0.6988778348970313, 0.30046259745478815, 0.06316816996200988, 0.22525472288202847], [0.1638038891657359, 0.6177720495803468, 0.5694894361012466, 0.26034144464095366, 0.4465759678070711], [0.6516598588768975, 0.6144359936257864, 0.24622008520315952, 0.06954433176909207, 0.36379540077765415], [0.43539882153630366, 0.07904363280787312, 0.4944335369227168, 0.4180004129638723, 0.6204765125655095], [0.5893320507538974, 0.38991148430473116, 0.3216654276940511, 0.42740523302263406, 0.46315536029798704], [0.00385786797692679, 0.2789856810684695, 0.32490870642439584, 0.6738943372150284, 0.6020405811675641], [0.5725855024559362, 0.6011399882761373, 0.17874678803394392, 0.07639464358567037, 0.522484450554861]], [[0.2325258551028155, 0.32820039164347603, 0.5161733109912147, 0.3835314820382749, 0.6516785595212294], [0.6627763312382958, 0.02889982330644607, 0.5655999569270129, 0.27416162284899087, 0.405985748819007], [0.4969069572091369, 0.7155316445263463, 0.25865504958710506, 0.23290738492535323, 0.3463374899269567], [0.17205055336438907, 0.9072839438915251, 0.13078814551814785, 0.03558391007743445, 0.3589745096509949], [0.44546910638716647, 0.47466768512121715, 0.3121509118587449, 0.4888814039585139, 0.48969852465122954], [0.24369071111476226, 0.7275553005267783, 0.4998520898577309, 0.39641668983010125, 0.06542032009074054], [0.18590799301885413, 0.3416177987395823, 0.6580013450144812, 0.14740260692655202, 0.6277278065741663], [0.1849472883087165, 0.10602246410334741, 0.8647396199666015, 0.10981821168827588, 0.4412698581302756], [0.4125452676192724, 0.21790171801477365, 0.5131047603739175, 0.701341039186763, 0.16483171747333422], [0.49895613504618025, 0.3042860651822588, 0.6124750377345155, 0.22587709970337358, 0.481981980801536]], [[0.2671978343811171, 0.20703106039738883, 0.07243828185377237, 0.9018891585598273, 0.259021424455766], [0.9148797979822049, 0.145127939143926, 0.02439293151692231, 0.3497815558680623, 0.13780669283603372], [0.047904973226793574, 0.5910465750928771, 0.6702556972728262, 0.32522012692497504, 0.30554578859369147], [0.26737213560636963, 0.3765252519301243, 0.44170699544487557, 0.19095418133453923, 0.7450988569083716], [0.32441856248704654, 0.5433789093432673, 0.37732969975233766, 0.36632886948510746, 0.5682582285029698], [0.022966572958830776, 0.7639052145475603, 0.4944963304465538, 0.3665494847019483, 0.19244795180308186], [0.4218425191010992, 0.49402443993402734, 0.37054188784349523, 0.5123301358235685, 0.42214367590512564], [0.6694567070985898, 0.6599041326957849, 0.03028527648957885, 0.17928596605815086, 0.28860630168844587], [0.2074165371685738, 0.0404435904951575, 0.25657404479926044, 0.7706744739726625, 0.5436665437556046], [0.46150942096802267, 0.36016452765772505, 0.5966373374505655, 0.2980503602835888, 0.4609560040498128]], [[0.3567135838664167, 0.48966316840899066, 0.2187283104147314, 0.29740347537154355, 0.7047655636088428], [0.1885020423681006, 0.4131040325695205, 0.5471682901725402, 0.5247080522866272, 0.4680815745071456], [0.2706622509777253, 0.458237774840921, 0.06805683353006721, 0.7972714299300757, 0.2765621485880263], [0.4705142621260631, 0.19038166813653523, 0.05751407224290719, 0.5522400260510947, 0.6588582811915172], [0.7983747226229332, 0.5191264636836789, 0.0006786055614423414, 0.053321261233579414, 0.30043618220012197], [0.4885433670095463, 0.6576711093336692, 0.18797082515217864, 0.33395383951124347, 0.42653943834785585], [0.05609972420684213, 0.09606808445968823, 0.6775157611535582, 0.07800391502930248, 0.7228495878955583], [0.5503905448581867, 0.5169407762397343, 0.4384185454948395, 0.4211241344987244, 0.2455323284218572], [0.31559074999008313, 0.1966861135965692, 0.871840854570084, 0.20028135401992453, 0.24798781174369372], [0.16342600906377514, 0.23856729514327465, 0.20570431504088013, 0.49729667143316814, 0.7916813377897464]], [[0.7067896290193013, 0.3996491121562572, 0.5266674041177377, 0.24186774164595304, 0.06964516102676388], [0.4612700646126887, 0.287782548068861, 0.45316153562338907, 0.6917241267384808, 0.1434346110202753], [0.5372717309675052, 0.199599693174403, 0.4404055110438824, 0.446664919863997, 0.5272878576194705], [0.10527337667846515, 0.3965189329275676, 0.6545735535524293, 0.26367754334553856, 0.5776658793088818], [0.09986276098952167, 0.467447069983485, 0.7334155898704335, 0.4689185697574853, 0.11720756461509976], [0.38736777997338895, 0.22065316377520133, 0.34037599624471016, 0.8212516912408965, 0.10463376686744418], [0.6196028970494487, 0.0799591498939295, 0.3283573921267287, 0.3935883396427032, 0.5890402585980049], [0.4212691354677326, 0.08695912345925137, 0.23117447687441545, 0.6939243862429374, 0.5291481208212601], [0.38213112964701423, 0.09699377345584953, 0.7100933807447389, 0.18264876034108268, 0.5540530918908989], [0.6035507586020349, 0.4423697227511725, 0.10311743127932287, 0.6036172469441675, 0.2550461227736214]], [[0.5070065040775964, 0.5823222233837616, 0.4278417609509654, 0.002769467529286742, 0.46988189006641656], [0.3460707350057219, 0.5069569635079484, 0.3686994685427224, 0.35083914884077955, 0.6034917373588403], [0.19879863721401367, 0.36154489612817653, 0.3389373409034244, 0.6235630738131354, 0.5710122256515593], [0.04034644716919645, 0.4937394559517198, 0.5752979397578162, 0.2495659163633279, 0.601117831824566], [0.6552941335395586, 0.31701193471645295, 0.5354011406996282, 0.27592728940744166, 0.32757103243994223], [0.45872800737839464, 0.4000058642597445, 0.1977449734144284, 0.4511911628766545, 0.6220027201192948], [0.1600478805981942, 0.7147508235031307, 0.08536209745097001, 0.011019741882725247, 0.6753575451753182], [0.2922927968835436, 0.6428022629419882, 0.3683628579698587, 0.2868286546765256, 0.53236106109612], [0.012561259644092259, 0.7254803847593633, 0.1532966409673427, 0.535997627500945, 0.4033944834365583], [0.6099270274796497, 0.014668053088996737, 0.3030359571275332, 0.3958189932996945, 0.6158493343338395]], [[0.4949764333151316, 0.4730994464828597, 0.44877504983168093, 0.25159407942173506, 0.5162137329137463], [0.33158884819386375, 0.5787472522179054, 0.4785300917574554, 0.5710097399039599, 0.007568488693553917], [0.593089270488884, 0.6437118515037346, 0.022609186468442947, 0.477722126880851, 0.0717674274324272], [0.715423463367959, 0.5578944220331749, 0.29529294302306053, 0.061044400148340436, 0.29325541928184895], [0.1509330559885839, 0.38202725453692765, 0.006302318763864979, 0.49376874571976204, 0.7664379269904746], [0.4353112727964915, 0.13436768831421234, 0.3413671118174776, 0.6200186691096303, 0.5399025514278573], [0.750671227110748, 0.09329411928628091, 